,Accel Model,Estimated Coefficients,Coefficient Estimate Error
K_1,0.00000500000000000000,0.00001182184514649280,-0.00000682184514649280
K_0,0.00000600000000000000,0.00000677114586152807,-0.00000077114586152807
K_2,0.00006114000000000000,0.00006468458293111681,-0.00000354458293111681
K_3,0.00000002000000000000,-0.00000049016245173842,0.00000051016245173842
K_4,0.00000000600000000000,-0.00000005325662480610,0.00000005925662480610
K_5,0.00000000230000000000,0.00000000497592906673,-0.00000000267592906673
V_0,0.00000000000000000000,0.00136664930066915141,-0.00136664930066915141
