,Accel Model,Estimated Coefficients,Coefficient Estimate Error
K_1,0.00000500000000000000,0.00000493203644744205,0.00000006796355255795
K_0,0.00000600000000000000,0.00000599256334404993,0.00000000743665595007
K_2,0.00006114000000000000,0.00006111273720556988,0.00000002726279443012
K_3,0.00000002000000000000,0.00000002819085044105,-0.00000000819085044105
K_4,0.00000000600000000000,0.00000000632227710975,-0.00000000032227710975
K_5,0.00000000230000000000,0.00000000222364568163,0.00000000007635431837
V_0,0.00000000000000000000,-0.00000506248627947540,0.00000506248627947540
