,Accel Model,Estimated Coefficients,Coefficient Estimate Error
K_1,0.00000500000000000000,0.00000521373582511775,-0.00000021373582511775
K_0,0.00000000500000000000,0.00000002729652689422,-0.00000002229652689422
K_2,0.00006114000000000000,0.00006115839863310709,-0.00000001839863310709
K_3,0.00000002000000000000,-0.00000001359285309066,0.00000003359285309066
K_4,0.00000000600000000000,0.00000000679538397112,-0.00000000079538397112
K_5,0.00000000230000000000,0.00000000271823992986,-0.00000000041823992986
V_0,0.00000000000000000000,-0.00000617294323484706,0.00000617294323484706
