,Accel Model,Estimated Coefficients,Coefficient Estimate Error
K_1,0.00000500000000000000,-0.00000308332419484937,0.00000808332419484937
K_0,0.00000600000000000000,0.00000418151585845435,0.00000181848414154565
K_2,0.00006114000000000000,0.00006362149621302368,-0.00000248149621302368
K_3,0.00000002000000000000,0.00000043487256306552,-0.00000041487256306552
K_4,0.00000000600000000000,-0.00000006197212691744,0.00000006797212691744
K_5,0.00000000230000000000,-0.00000000458830128333,0.00000000688830128333
V_0,0.00000000000000000000,-0.00041125102480758433,0.00041125102480758433
