,Accel Model,Estimated Coefficients,Coefficient Estimate Error
K_1,0.00000500000000000000,0.00000486019118632979,0.00000013980881367021
K_0,0.00000000500000000000,-0.00000006112598274229,0.00000006612598274229
K_2,0.00006114000000000000,0.00006110196746788060,0.00000003803253211940
K_3,0.00000002000000000000,0.00000002019616131548,-0.00000000019616131548
K_4,0.00000000600000000000,0.00000000689569579334,-0.00000000089569579334
K_5,0.00000000230000000000,0.00000000236041950907,-0.00000000006041950907
V_0,0.00000000000000000000,-0.00003431789001008943,0.00003431789001008943
