,Accel Model,Estimated Coefficients,Coefficient Estimate Error
K_1,0.00000500000000000000,0.00000490781268953900,0.00000009218731046100
K_0,0.00000000500000000000,0.00000056240043001671,-0.00000055740043001671
K_2,0.00006114000000000000,0.00006117362841074123,-0.00000003362841074123
K_3,0.00000002000000000000,0.00000013366547245700,-0.00000011366547245700
K_4,0.00000000600000000000,0.00000000018204866677,0.00000000581795133323
K_5,0.00000000230000000000,0.00000000066132325418,0.00000000163867674582
V_0,0.00000000000000000000,0.00015718682491416879,-0.00015718682491416879
