,Accel Model,Estimated Coefficients,Coefficient Estimate Error
K_1,0.00000500000000000000,0.00000488633993481753,0.00000011366006518247
K_0,0.00000000000000000000,-0.00000002029977634315,0.00000002029977634315
K_2,0.00006114000000000000,0.00006110437784284745,0.00000003562215715255
K_3,0.00000002000000000000,0.00000002419764091522,-0.00000000419764091522
K_4,0.00000000600000000000,0.00000000663542149361,-0.00000000063542149361
K_5,0.00000000230000000000,0.00000000229716825755,0.00000000000283174245
V_0,0.00000000000000000000,-0.00002502635402279886,0.00002502635402279886
