,Accel Model,Estimated Coefficients,Coefficient Estimate Error
K_1,0.00000500000000000000,0.00000370522309255286,0.00000129477690744714
K_0,0.00000000500000000000,0.00000019384551929209,-0.00000018884551929209
K_2,0.00006114000000000000,0.00006085632959011659,0.00000028367040988341
K_3,0.00000002000000000000,0.00000018962047741182,-0.00000016962047741182
K_4,0.00000000600000000000,0.00000000520998215881,0.00000000079001784119
K_5,0.00000000230000000000,0.00000000038545034963,0.00000000191454965037
V_0,0.00000000000000000000,-0.00008265240647687075,0.00008265240647687075
