,Accel Model,Estimated Coefficients,Coefficient Estimate Error
K_1,0.00000500000000000000,0.00000510787383201004,-0.00000010787383201004
K_0,1.00000000000000000000,1.00000007525545009379,-0.00000007525545009379
K_2,0.00006114000000000000,0.00006114541779016244,-0.00000000541779016244
K_3,0.00000002000000000000,0.00000001893073113597,0.00000000106926886403
K_4,0.00000000600000000000,0.00000000566098608644,0.00000000033901391356
K_5,0.00000000230000000000,0.00000000226823330038,0.00000000003176669962
V_0,0.00000000000000000000,175.00675330052175127094,-175.00675330052175127094
