,Accel Model,Estimated Coefficients,Coefficient Estimate Error
K_1,0.00000500000000000000,0.00000720434156110494,-0.00000220434156110494
K_0,0.00000600000000000000,0.00000647394521945035,-0.00000047394521945035
K_2,0.00006114000000000000,0.00006121356741990654,-0.00000007356741990654
K_3,0.00000002000000000000,-0.00000032355225181274,0.00000034355225181274
K_4,0.00000000600000000000,0.00000001629068467504,-0.00000001029068467504
K_5,0.00000000230000000000,0.00000000665916949739,-0.00000000435916949739
V_0,0.00000000000000000000,0.00000950499808322291,-0.00000950499808322291
