,Accel Model,Estimated Coefficients,Coefficient Estimate Error
K_1,0.00000500000000000000,0.00000498956034801062,0.00000001043965198938
K_0,0.00000600000000000000,0.00000600118418467922,-0.00000000118418467921
K_2,0.00006114000000000000,0.00006113668800375308,0.00000000331199624692
K_3,0.00000002000000000000,0.00000002018560882059,-0.00000000018560882059
K_4,0.00000000600000000000,0.00000000605602484428,-0.00000000005602484428
K_5,0.00000000230000000000,0.00000000230299405132,-0.00000000000299405132
V_0,0.00000000000000000000,-0.00000238874292259621,0.00000238874292259621
